,text,label
0,"Eva Hassett, VP of Savarino Construction Services Corp. answers questions on Buffalo, N.Y. hotel redesign",0
1,"Kylie Jenner Told Ellen DeGeneres She's Proud Of Caitlyn For Being Her True, Authentic Self",1
2,Australian rules football: 2010 Gippsland Football League round 13 - Traralgon defeat Sale,0
3,"Supercross: Stewart wins 4th consecutive Monster Energy event in San Francisco, California",0
4,Wikinews interviews Prince Christopher I of the Principality of Vikesland on his micronation's recent space launch,0
5,This Woman Is Posting Heartbreaking Stories About Mental Health On Instagram To Fight Stigma,1
6,"Jordanian king dissolves parliament, calls for general election two years ahead of schedule",0
7,A Rescue Dog And Her Handler Who Worked At Ground Zero During 9/11 Were Honored With An Amazing Day,1
8,Liberal Democrats defeated in UK elections after alternative vote and councils rejected; Salmond wins historic first majority vote,0
9,19 Times Kendall Jenner And Cara Delevingne's Friendship Was So Perfect It Was Actually Painful,1
10,"This Week's ""Showstopper"" Bake Off Was One Of The Most Nervewracking Television Moments This Year",1
11,"US Highway Administration releases interim report on Boston's Big Dig: press release claims tunnel safe, but report does not",0
12,"The Official Trailer For ""Zoolander 2"" Has Dropped And It Features Benedict Cumberbatch Without Eyebrows",1
13,"The Author Of ""A Series Of Unfortunate Events"" Just Donated $1 Million To Planned Parenthood",1
14,Artists Made These Heartbreaking Posters As Tribute To Child Victims Of The Peshawar School Attack,1
15,"Eurovision '09 competitor Chiara talks about her current song ""What If We"" and her past accolades",0
16,"This Little Girl Singing ""I'm Gonna Love You Through It"" To Her Sick Mom Will Shatter Your Heart",1
17,Government shuts off water to California farms in controversial effort to help threatened species,0
18,Minnesota Department of Health says 'theatre nights' in bars are not exempt from Freedom to Breathe Act,0
19,Florida schools begin to enforce new statewide ban on saggy pants and other revealing attire,0
20,U.S. vice president Joe Biden says positive consensus on same-sex marriage is 'inevitable',0
21,Time To Settle It Once And For All: What's The Best Chocolate Candy You Could Get On Halloween,1
22,"This Dad Had A Brilliant Response For When A ""Small-Minded"" Commented Didn't Approve Of His Son's Costume",1
23,We Know Your Favorite Unexpected Disney Or Pixar Villain Based On Your Favorite Taylor Swift Song,1
24,United Kingdom economy triple dip recession 'to be avoided' says British Chambers of Commerce,0
25,Opposition motions in Australian House of Representatives attempts to bring Government to account on last sitting day of year,0
26,"People Are Obsessed With This ""Mermaid Pillow"" That You Can Change With A Swipe Of Your Hand",1
27,"Two largest known prime numbers discovered just two weeks apart, one qualifies for $100k prize",0
28,UEFA Champions League 2008–09 Qualification: 42 Clubs learn their fate for First and Second Qualifying Rounds,0
29,"To Set An Example Of Brotherhood, Dunkin' Donuts In Pakistan Is Offering Free Meals To Indians",1
30,"Knife-wielding woman arrested after allegedly stabbing four at store in West Hollywood, California",0
31,UN convoy attacked by gunman in Ivory Coast as peacekeeping forces ordered to leave country,0
32,Medvedev asks for resignations from Russian Olympic officials after performance in Vancouver,0
33,"Australian rules football: Gippsland Football League heavyweights clash, Maffra go two games clear",0
34,"A Woman's Viral Video Of Her Heartbreaking Experience With A Cashier Isn't True, Wal-Mart Says",1
35,UK government's Information Commissioner takes enforcement action against Liberal Democrat party for cold calling voters,0
36,The Study Claiming That Blotting Your Pizza Saves Calories Might Have Been A Marketing Campaign,1
37,Common Sense Advisory announces size of worldwide translation and localization market and ranking of top 20 language services companies,0
38,"David Parnes And James Harris Take Our ""Which 'Million Dollar Listing' Agent Are You?"" Quiz",1
39,"A ""Rugrats"" Artist Is ""Bugged"" By People Thinking The Babies Grew Up To Be Really Attractive",1
40,Pakistani Taliban threaten revenge attack after bin Laden death; CIA says retaliation is likely,0
41,"Friendly Reminder that ""Last Christmas"" by Jimmy Eat World Is The Best Christmas Song In Existence",1
42,A Guy Made A Joke About His Car's Tape Player Being For His iPhone And Now The Internet Is Mocking Him,1
43,"Everyone Made The Same ""Mean Girls"" Joke About Kris Jenner At The Victoria's Secret Fashion Show",1
44,"Two people die after contracting H1N1 virus, number of swine flu deaths in Scotland rises to 28",0
45,Australian rules football: Six goal win moves Morwell to second on Gippsland Football League ladder,0
46,This Toddler Headbanging And Air Drumming To His Favourite Band Is The Cutest Thing You'll See Today,1
47,"This Toy Company Re-Created The ""Star Wars"" Trailer Using Their Own Toys And It's Incredible",1
48,Alleged 'rights group' involved with removal of anti-Scientology videos from YouTube doesn't exist; says EFF,0
49,"No bomb threat, hijacking of plane in China's Xinjiang region according to Afghan officials",0
50,This Beluga Whale Totally Stole The Show From Connecticut's Governor During A Press Conference,1
51,"Baby in California born with 12 functioning fingers and toes, in a rare case of polydactylism",0
52,13 Things The Guy Who's Not Bernie Sanders Or Hillary Clinton Looked Like During The #DemDebate,1
53,"This Starbucks Worker Fiercely Dropped It Like It Was Hot To The Weeknd's ""Can't Feel My Face""",1
54,"Wikinews interviews Frank McEnulty, New American Independent Party nominee for President of the United States",0
55,GNU project releases new version of license to allow Wikimedia projects to switch to Creative Commons license,0
56,India's First Transgender Band Just Released Their First Song And It Will Leave You Speechless,1
57,French Open: Stosur and Schiavone to compete in women's final; Nadal to meet Soderling in men's final,0
58,This Little Girl's Reaction To Seeing Her Daddy After The First Day Of School Will Make Your Heart Happy,1
59,Egypt protests: Army say they will not use force on demonstrators as Mubarak announces cabinet,0
60,This Photographer Has Captured Candid Moments In The Lives Of Famous Artists Throughout History,1
61,The People V. O.J. Simpson Reminds Us There Was A Time We Didn't Know Who The Kardashians Were,1
62,Norwegian Academy of Science and Letters awards Belgian mathematician Pierre Deligne with Abel prize of 2013,0
63,This Beautiful Video Explores The Lighter Side Of Being A Member Of The Indian LGBTQ Community,1
64,South Korean presidential candidate promises to legalise non-ActiveX technologies for banking,0
65,Spain issues arrest warrant for three U.S. soldiers accused of killing two journalists in 2003,0
66,"Soldiers in Syria reportedly 'suffocated' while seizing chemicals, weapons in Damascus suburb",0
67,This Indian Soldier Taking Time Out To Share His Lunch With A Squirrel Is The Cutest Thing Ever,1
68,This Superstar Dog Is A World Record Holder For Catching 14 Balls With His Paws In One Minute,1
69,Ice Hockey: Claude Giroux scores overtime goal to lift Flyers to victory in Game 3 of the 2010 Stanley Cup Finals,0
70,U.K. National Portrait Gallery threatens U.S. citizen with legal action over Wikimedia images,0
71,Catholic Democrats tell Chicago Cardinal George not to pull funding from immigration campaigners supporting same-sex marriage,0
72,Jada Pinkett Smith Posted A Baby Photo Of Will For His Birthday And It'll Make You Believe In Love,1
73,Experts raise serious questions over safety of U.S. oil industry and warn another spill may be 'unavoidable',0
74,Libertarian National Committee in fierce deadlock over how to address growing Bob Barr controversies,0
75,"Rachel Platten Sang Her Hit ""Fight Song"" With A Young Cancer Patient And It Will Punch You Right In The Feels",1
76,"Four dead, at least 15 injured after gunman opens fire at fitness center in Bridgeville, Pennsylvania",0
77,"Search for survivors of Canadian helicopter crash ends, recovery mission focuses on victims",0
78,"Swimmer Michael Phelps of the U.S. wins first gold medal of 2008 Summer Olympics, breaks world record",0
79,"Wikinews interviews Scott Lucas, Eyal Zisser, Majid Rafizadeh about risks of US military intervention in Syria",0
80,"Wikinews holds a follow-up interview with Max Riekse, Constitution Party candidate for the 2008 U.S. presidential election",0
81,Baseball player Manny Ramirez retires after testing positive for performance-enhancing drug,0
82,"Which Character From ""The Rocky Horror Picture Show"" Are You Based On Your Taste In Hot Dogs",1
83,Internal audit reveals IRS improperly identified hundreds of thousands of taxpayers as potential frauds,0
84,"Paul Schneider leaving NBC's Parks and Recreation; Rob Lowe, Adam Scott to appear in series",0
85,"Interview with Liz Mumby, independent candidate in Australian by-election for the Victorian state electorate of Altona",0
86,"After Her Photographer Was A No-Show For Her Wedding, This Bride Received A Surprise Of A Lifetime",1
87,"This Mom's Parody Of The Weeknd's ""I Can't Feel My Face"" Totally Nails Back-To-School Life",1
88,These Photos Of A Dog Dressed As 12 Different Disney Characters Will Totally Make You Smile,1
89,"Here's An Eye-Opening Reminder From J.K. Rowling That You're Probably Saying ""Voldemort"" Wrong",1
90,"An Australian Was Mobbed, Harassed, And Threatened In India Because He Had A Hindu Goddess Tattoo",1
91,Tape Contouring Is About To Be Either Your New Favorite Thing Or A Total Waste Of Office Supplies,1
92,Japan raises severity level of crisis; efforts to cool damaged nuclear power plant continue,0
93,Football: FA charges Chelsea for player misconduct; John Terry investigated over alleged racial abuse,0
94,"After Being Called ""Indian Piece Of Shit,"" A Student Wrote This Moving Facebook Post About Racism",1
95,"Maine, USA, Land Use Regulatory Commission approves reconstruction of camps on protected Allagash River",0
96,"This Reunion Interview With The Cast Of ""Willy Wonka & The Chocolate Factory"" Hits The Feels",1
97,Janet Hubert Called Out Will And Jada Pinkett Smith For Suggesting Black Actors Boycott The Oscars,1
98,"Wikinews interviews Patricia Petersen, independent candidate for the electorate of Bundamba in the 2009 Queensland election",0
99,Australian rules football: Traralgon defeat Warragul in round 14 of 2010 Gippsland Football League season,0
100,"A Reporter Claims She Was Harassed And Called ""Prostitute"" At A March To Show India's Tolerance",1
101,"Discontinued Starbucks Polar Bear Cookies Are Getting Dragged Into Another ""War On Christmas""",1
102,"Former President Roh Moo-hyun of South Korea, Embroiled in Bribery Scandal, Was Overwhelmed by Despair",0
103,Liam Hemsworth Dressed Like A Panda And Carried Jennifer Lawrence's Purse Along The Great Wall Of China,1
104,"Kenan Thompson And Kel Mitchell Reunited On ""The Tonight Show"" And Our '90s Dreams Came True",1
105,Someone Keeps Accidentally Texting A Guy With An Awesome Beard And His Replies Are Hilarious,1
106,Watch This Nerdy Daredevil Solve A Rubik's Cube While Skydiving While Your Stomach Falls Out Of Your Ass,1
107,"Memorial unveiled to mark 50th anniversary of deaths of 47 miners in Lanarkshire, Scotland",0
108,"Poll shows Préval with clear lead, but ineligible candidate Siméus could have presented a challenge",0
109,Here's What Happened When Twentysomethings Tried Cooking Their Family Recipes For The First Time,1
110,"Ukraine opposition candidate Yushchenko is suffering from a Dioxin intoxication, doctors say",0
111,UK scientists discover multiple antibiotics used by fungus-farming ants to protect colonies,0
112,"Surprise demolition of partially collapsed building in Buffalo, New York met with opposition",0
113,Watch Asif Confess What It's Like When A Breakup With Your Best Friend Becomes A Massive Meme,1
114,Tell Us How You Feel About These Pictures And We'll Tell You How Big Of A Perfectionist You Are,1
115,Amandla Stenberg And Solange Knowles Shout Each Other Out On Instagram And It's The Best Girl Power Moment Ever,1
116,"Temporary restraining order stops demolition of partially collapsed building in Buffalo, New York",0
117,The Police Only Started This Woman's Stabbing Investigation Because Farhan Akhtar Intervened,1
118,Stanford physicists print smallest-ever letters 'SU' at subatomic level of 1.5 nanometres tall,0
119,Dibaba’s comeback: Long-distance track star wins her first World Championship title since 2007,0
120,"Emma Stone And Lena Dunham Came Up With 11 Things You Can Call Them Other Than ""Sweetheart""",1
121,"Daniel Radcliffe Really Wants You To Know That He Didn't Masturbate On The Set Of ""Harry Potter""",1
122,"According To Taylor Swift's Twitter Faves, She And Calvin Harris Are Probably Still Together",1
123,'Buried' video surfaces of police making mass arrests during the Republican National Convention,0
124,Proof God Is A Gay Man Or Straight Woman Because Ryan Reynolds Is Officially A Silver Daddy,1
125,Anonymous people reveal animal cruelty at Australian Inghams poultry producer factory using CCTV footage,0
126,"Workers' Movement and other social movements support Lula, Senators warn of 'Chavenization'",0
127,This Married Couple Had An Honest Discussion About Their Relationship And Their Very Real Age Difference,1
128,"US president Obama, Congress call for blocking of executive bonuses at AIG insurance company",0
129,This Was What The World Was Like The Last Time Someone Sold Over 2 Million Albums In One Week,1
130,"We Know Your Favorite ""Gossip Girl"" Character Based On Your Favorite ""Harry Potter"" Character",1
131,A 9-Year-Old Boy With Cerebral Palsy Won Everton's Goal Of The Month Contest And The Whole Thing Is Amazing,1
132,US presidential candidate Barack Obama's lead increases after Democratic National Convention,0
133,England; Australia set to battle for right to host 2018 Football (Soccer) World Cup while U.S. are considering their options,0
134,"Chinese earthquake: Death toll reaches almost 15,000 as 'dangerous' cracks found in dam near city",0
135,"Wikinews interviews former New Mexico governor Gary Johnson, presidential nominee of the Libertarian Party",0
136,Gorgeous Set Photos From The Upcoming Film About Legendary Trans Activist Marsha P. Johnson,1
137,"These People Complaining About ""The Wiz"" Seem To Have Forgotten That ""The Wizard Of Oz"" Exists",1
138,A Museum's Cleaners Put A Modern Art Installation In The Bin Because They Thought It Was Rubbish,1
139,"Disney Has Released The First Two Teasers For Tim Burton's ""Alice Through The Looking Glass""",1
140,"Taylor Swift And Haim Danced Flawlessly While Nelly Sang ""Hot In Herre"" On The 1989 World Tour",1
141,This Man With Down Syndrome Totally Transformed Himself To Compete In A Bodybuilding Contest,1
142,"Your Weekly Gossip Roundup: Shia LaBeouf Gets Arrested, Pippa Middleton Splits With Her Boyfriend, And More",1
143,This Incredible Social Experiment Reveals The Many Ways India Is Keeping Its Women In The Dark,1
144,"Natalie Dormer And Sam Claflin Play A Game To See How They'd Actually Last In ""The Hunger Games""",1
145,Jennifer Lawrence Does Her Best Britney Spears Impression In This Endearingly Awkward Video,1
146,Indians And Pakistanis Are Using The Hashtag #ProfileForPeace To Send Each Other Messages Of Love,1
147,U.S. military denies reports helicopter opened fire on Libyan civilians during rescue mission,0
148,"Do You Remember The Lyrics To ""Welcome To The Tipton"" From ""The Suite Life Of Zack And Cody""",1
149,"Your Weekly Gossip Roundup: Jon Hamm Splits With Jennifer Westfeldt, Chris Hardwick Gets Engaged, And More",1
150,Trying To Decide If Chris Or Liam Hemsworth Is Hotter At The Airport Will Be The Death Of You,1
151,"Judge orders residents and city to come to agreement on partially collapsed building in Buffalo, New York",0
152,Anne Hathaway Shared An Empowering Photo When Paparazzi Tried To Take Pictures Of Her Baby Bump,1
153,"This Awesome Dad Built A Backyard Course For His 3-Year-Old Who Loves ""American Ninja Warrior""",1
154,Kylie Jenner And Jenna Marbles Read Mean Tweets About Their Dogs And It Was Hilariously Mean,1
155,"Alex Trebek Got Tricked Into Saying ""Turd Ferguson"" On ""Jeopardy,"" So Our Work Here Is Done",1
156,"Eurovision '73 winner Anne Marie David discusses her four-decade career and the Contest, past and present",0
157,Democratic Republic of Congo: UN expert accuses soldiers of killing 50 Hutu refugees in North Kivu,0
158,"Please Enjoy This Optical Illusion Of A Massive Penis In A Cup, Featuring The Chuckle Brothers",1
159,"Australian rules football: Traralgon, Maffra two games clear on top of 2010 Gippsland Football League ladder",0
160,Justin Timberlake Judged Ellen DeGeneres And Jimmy Fallon In A Lip Sync Battle For The Ages,1
161,Air safety group says airport was operating illegally without license when Garuda Indonesia Flight 200 crashed,0
162,News services and web companies increase Farsi services in light of Iranian political situation,0
163,Are You More Kendall Or Kylie Or A High-Tech A.I. That Doesn't Know It's A Computer Simulation,1
164,Electric company faces lawsuits from residents of California neighborhood destroyed by explosion,0
165,This Guy Celebrated A Bachelor Party Alone After The Rest Of The Wedding Party Got Stranded,1
166,"NFL: Packers defeat Lions 31–21, Lions become first team to finish season with 0-16 record",0
167,2008 Taiwan presidential election: First official debate with citizen journalists' participation,0
168,"The Dude Who Follows His Wife Around The World Came Back To India, And He's Still Killing It",1
169,"Former Illinois governor Blagojevich asks US Supreme Court to delay corruption trial, prosecutors to respond by Friday",0
170,"Eurovision '82 winner Nicole talks about 'Ein bißchen Frieden', her success and the Contest today",0
171,"United Church of Christ endorses same-sex marriage, largest Christian denomination to do so",0
172,"Passenger dies after fire in toilet on train in Bedfordshire, England; serious rail disruption",0
173,"Your Weekly Gossip Roundup: Justin Long And Amanda Seyfried Call It Quits, Blake Lively Shuts Down Her Website, And More",1
174,United Nations condemns Palestinian rocket attacks and Israel's 'disproportionate' response,0
175,"Michael Jackson film ""This Is It"" to be premiered in at least 15 world cities simultaneously",0
176,Egyptian prime minister steps down; armed forces appoint former transport minister to position,0
177,Archbishop of Canterbury: Church's attitude to same-sex marriage considered 'wicked' by the young,0
178,Philippine Foreign Secretary Del Rosario to visit China amid South China Sea territorial dispute,0
179,British foreign secretary: 'President Mugabe persists in his ambition to steal the election',0
180,"Reminder That Daniel Radcliffe's ""Harry Potter"" Audition Is Literally The Cutest Thing You'll Ever See",1
181,These Women Used Periscope For The First Time And Felt Like They Were Being Catcalled On The Internet,1
182,Alaskan Governor and Republican U.S. vice presidential nominee Sarah Palin's email account hacked,0
183,"Thousands of pounds worth of damage caused to railway station and stonework in Bath, England",0
184,Thierry Henry Reacted Brilliantly To Brendan Rodgers Getting Sacked And It Became A Huge Meme,1
185,Wikinews interviews Dr Thomas Scotto and Dr Steve Hewitt about potential US military intervention in Syria,0
186,Thousands of Filipinos call for President Arroyo's resignation; former presidents join protest,0
187,Please Take A Moment Out Of Your Day To Look At This Stunning Aishwarya Rai Bachchan Photo Shoot,1
188,This Woman Hid A Positive Pregnancy Test In An Apple Watch Box To Surprise Her Husband On His Birthday,1
189,"A List Of The Most Romantic Jim & Pam Episodes Of ""The Office"" To Binge-Watch On Valentine's Day",1
190,"I Saw ""The Force Awakens"" Without Seeing Any Other ""Star Wars"" Movie And This Is What Happened",1
191,Someone Please Teach The BBC How Tennis Works; They Keep Reporting Hingis Won Doubles Matches Alone,1
192,UK opposition leader calls for Burma aid to be dispatched by air if access for aid workers does not improve,0
193,"Judge demands better conditions in Maricopa County Jail, Arizona; both sides claim victory",0
194,"Tony Snow, former White House Press Secretary and ""Fox News Sunday"" anchor, dies at age 53",0
195,Oil spewing from crack in seafloor of Gulf of Mexico was fifty feet from Deepwater Horizon well,0
196,"We Know Your Favorite ""Game Of Thrones"" Character Based On Your Favorite ""Harry Potter"" Character",1
197,UK Parliamentary Commissioner for Standards to investigate Nadine Dorries reality TV appearance,0
198,These Cute Kids Were Hooked Up To A Lie Detector Test In Front Of Santa And It Was Adorable,1
199,"Jenna Fischer And John Krasinski Were ""Genuinely In Love"" While Filming ""The Office"" And Now Our Hearts Are Melting",1
200,Watch This Guy Age From 12 To 20 Years Old In Two Minutes With This Incredible Selfie Time Lapse,1
201,Sunshine Coast Rugby Union round 19: Fraser Coast score three tries in twenty minutes in loss to University,0
202,"A Man Named ""Phuc Dat Bich"" Posted His Passport Photo To Facebook After Being Banned Multiple Times",1
203,"President Obama, Please Do The Right Thing And Make Nicolas Cage The Next Supreme Court Justice",1
204,United Nations suspends operations in Gaza after schools and trucks are hit by Israeli forces,0
205,Peace talks: Syria's President calls upon France to intervene whilst rejecting direct talks with Israel,0
206,This Sikh Man's Tweet After The Paris Terror Attacks Captured What Religion Should Be About,1
207,"The Isolated Vocal Track Of Freddie Mercury And David Bowie Singing ""Under Pressure"" Is Amazing",1
208,CanadaVOTES: Animal Alliance (AAEVPC) candidate Marie Crawford running in Toronto—Danforth,0
209,"School on Australia's Sunshine Coast makes staff redundant, requests they apply for 'new' jobs",0
210,Canada's Health Minister will attempt to stop Americans from buying prescription drugs in bulk,0
211,A Couple Did A Stunning Photo Shoot With Their Baby After Learning She Had An Inoperable Brain Tumor,1
212,Australian rules football: 2010 Gippsland Football League round 10 - Leongatha v Wonthaggi,0
213,This One Tweet Helped The Indian Railway Ministry Save A 19-Year-Old From Human Traffickers,1
214,Wikinews interviews Dr. Michael Mazilu on creating world's fastest spinning manmade object,0
215,Creationism and intelligent design have no place in the UK science curriculum says UK Government,0
216,I Made My Friend Wear A Left Shark Costume For The Entire Super Bowl And Here's What Happened,1
217,"'Have them all shot': BBC gets 21,000+ complaints over Jeremy Clarkson's public sector striker comments",0
218,UK's Greater Manchester Police charge man with drug possession after trick-or-treating children allegedly given cocaine,0
219,"Mitt Romney suspends his United States presidential campaign, McCain and Huckabee remain fighting for GOP nomination",0
220,Australian rules football: 2010 Gippsland Football League round 11 - Wonthaggi v Traralgon,0
221,"The Director Of ""American Hustle"" Has Responded To Jennifer Lawrence's Critique Of Pay Inequality",1
222,What The Hell Is Going On With Harry Styles And Gigi Hadid's Awkward Interaction At The AMAs,1
223,Help Us Settle The Debate That's Quietly Tearing India Apart: Bum Spray From The Front Or Back,1
224,"Can We Tell Which ""Force Awakens"" Character You're Thirsting For Based On Your Taste In Music",1
225,This Photo Shoot Against The Backdrop Of Ganesh Chaturthi Celebrations Is Absolutely Stunning,1
226,"Someone Made A Video Comparing The Indrani Mukerjea Case With Plot Points From ""Game Of Thrones""",1
227,ABC Apologised For Using A Photo Of The Wrong Indian Actress While Promoting Priyanka Chopra,1
228,Anti-terror amendments to be rushed through Australian parliament because of new 'potential threats',0
229,This Tattoo Artist Retouched His Wife's Tattoo Of Their Trans Son To Reflect His True Identity,1
230,"NASCAR: Edwards wins O'Reilly Auto Parts Challenge, Brad Keselowski clinches Nationwide Series",0
231,Michigan student and California engineer sue Amazon for remote deletion of 'Nineteen Eighty-Four',0
232,"Wikinews interviews Brenton Clutterbuck, candidate for the electorate of Maroochydore at the upcoming Queensland election",0
233,Local government officials confiscate London ice cream made from human breast milk for health reasons,0
234,Early reports indicate massive blizzard to strike northeastern portions of US late Thursday,0
235,"Deepika Padukone, Vin Diesel, Ruby Rose Are Training Intensely For ""XXX: The Return Of Xander Cage""",1
236,"Just A Reminder That The ""Pinky & The Brain"" Christmas Special Will Make You Cry Every Time",1
237,Wikinews interviews Molossian president Kevin Baugh on his country's recent intermicronational summit,0
238,This Story Of A Cancer Survivor Getting Her First Haircut Goes From Zero To Feels Real Fast,1
239,ACLU describes President Bush's veto of CIA waterboarding ban as 'a callous disregard for human rights',0
240,17 troops killed in bombing on Afghanistan-Pakistan border; Separate bombing kills dozens of civilians,0
241,Watch A Weatherman Flawlessly Pronounce llanfairpwllgwyngyllgogerychwyrndrobwllllantysiliogogogoch,1
242,"Palestinian security forces clash with militants, Palestinian Interrior Minister Nasser Yousef declares state of emergency",0
243,'Bloody Sunday Inquiry' publishes report into British Army killing of activists in Northern Ireland,0
244,"School closed after five-year-old boy dies from suspected swine flu in Buckinghamshire, England",0
245,"Chinese General threatens U.S. with nuclear weapons over possible Taiwan Strait conflict, Beijing downplays comment",0
246,Sachin Tendulkar Has Promised A Super Cool Reward To Anyone Who Can Help Find His Pal's Passport,1
247,"Hospital in Essex, England fined £50,000 after patient dies due to health and safety breaches",0
248,What Would You Say If Your Company Announced They Wanted To Replace  You With Robots Someday,1
249,Wikinews interviews Rich Mann and Kevin Smith of the United States Australian Football League about the upcoming National Championship,0
250,"'Fascinating' and 'provocative' research examines genetic elements of bipolar, schizophrenia",0
251,"2008 Taipei Cycle: Interview with Fma International about the design of ""Champion Cheongsam""",0
252,Filipino activist arrested for disrupting Manila Cathedral mass in Reproductive Health Bill protest,0
253,"6-year-old boy in Colorado found alive, unhurt after runaway balloon allegedly carried him away",0
254,"In Case You're Wondering, This Is What David Beckham Looks Like Dressed Up As Freddie Mercury",1
255,"Wikinews investigates: Advertisements disguised as news articles trick unknowing users out of money, credit card information",0
256,A Single College Student Got Tired Of Couples Pictures So She Did A Romantic Photo Shoot With Pizza,1
257,U.S. did not inform Pakistan of bin Laden mission because of suspicions he was being harbored by government,0
258,"Battle for Trafalgar Square, London as violence breaks out between demonstrators and riot police",0
259,U.S. Coast Guard investigation finds 'poor safety culture' contributed to Deepwater Horizon disaster,0
260,"'Invitational Games for the Deaf, Taipei 2008' starts, new slogan for 2009 Summer Deaflympics unveiled",0
261,Wikinews interviews Stephen Murphy about the upcoming by-election in the Higgins electorate of the Australian parliament,0
262,"Woman hospitalized after allegedly stabbing daughter to death at Fort MacArthur, California",0
263,A Dad Surprised His Kids With His Military Homecoming By Dressing Up As A Gift From Their Elf,1
264,The Best Jokes On The Internet As Queen Elizabeth II Became Britain's Longest-Reigning Monarch,1
265,Representative for ACLU tells Wikinews their opinion on lifting of Wikileaks court injunction,0
266,A Man With Crohn's Disease Shared A Photo To Prove That Looks Can Be Deceiving And It Went Viral,1
267,We Deep-Fried 12 Things That Weren't Mars Bars At A Scottish Chippy And This Is What Happened,1
268,Oil spill in Gulf of Mexico reported to have reached coast; offshore drilling ban announced by Obama administration,0
269,43 Important Pictures Of Me Watching The Livestream Of Shia LaBeouf Watching His Own Movies,1
270,NAFTA dismisses US claims of Canadian violation of Trade Agreement rules in softwood lumber dispute,0
271,"Gus Kenworthy's Instagram Photos Are So Good, He Might Have Second Career As A Photographer",1
272,"Justin Bieber Called Bette Midler ""Britt Meddler"" And Hopefully This Is The Start Of An Amazing Feud",1
273,A Canadian Mailman Just Found The Woman Who Wrote A Heartbreaking Letter To Santa 22 Years Ago,1
274,23 Things You'll Understand If You're In A Committed Relationship With Your Hair Straighteners,1
275,"After Her Wedding Was Canceled, A Bride's Family Turned Her Reception Into A Feast For The Homeless",1
276,"Oprah Revealed That She Repeatedly Yelled ""You Get A Car!"" Because Everyone Was Confused As Fuck",1
277,Neil Patrick Harris And His Kids Singing In The Morning Will Make You Wish You Were Part Of His Family,1
278,"Emergency declared in US state of Washington, eight additional casualties, many still without power",0
279,A 12-Year-Old Sikh Boy In Texas Was Arrested When A Classmate Joked About A Bomb In His Bag,1
280,"What Happened To This Guy On ""First Dates"" Will Give Hope To Socially Anxious People Everywhere",1
281,These Teens Used Actual Scarlet Letters As A Clever Way To Protest Their  School's Sexist Dress Code,1
282,"Australian football: Melbourne through to A-League Grand Final, Adelaide to play Queensland in preliminary final",0
283,General who oversaw military tribunals at Guantanamo is being investigated for abuse of power,0
284,"Tsunami bulletin issued from Pacific coast of California-Mexico border to Vancouver, Canada",0
285,A 22-Year-Old Whose Husband And Baby Were Killed By A Drunk Driver Has Posted A Gut-Wrenching Facebook Plea,1
286,Here's What You Need To Know About The Indian Law That Let Police Arrest An Actor For Mimicry,1
287,Harry Potter And The Cursed Child Tickets Have Gone On Sale And People Are Losing Their Shit,1
288,A Photo Of A Trauma Nurse Cuddling With Her Son After Work Is Going Viral For All The Right Reasons,1
289,"Teachers at Australian school shocked at no warning over redundancies, can apply before 'externals'",0
290,Every Piece Of Evidence That Proves Anna Faris And Chris Pratt Have The Cutest Family In Existence,1
291,Here's A Mouthwatering Step-By-Step Guide To Making The Most Insanely Delicious Fried Chicken,1
292,"Man dies after being shot outside his house in Lanarkshire, Scotland; murder investigation launched",0
293,"Craig David Turned Justin Bieber's ""Love Yourself"" Into A Soulful Garage Tune And It's Amazing",1
294,Bush Administration changes official position on legitimacy of Qur'an desecration allegations,0
295,Can You Get Through These Pictures Of Zac Efron Wearing Tiny Shorts Without Gasping For Air,1
296,This Model Had The Perfect Response When A Reporter Asked What She'd Eat After A Fashion Show,1
297,"Adele's Classroom-Instruments Rendition Of ""Hello"" With Jimmy Fallon And The Roots Is Obviously Amazing",1
298,Suspicions of nepotism arise from pulping of new Australian industrial relations information booklets,0
299,"SOUND THE ALARMS: Pepsi Perfect From ""Back To The Future Part II"" Is Finally Being Released",1
300,"Past Eurovision contestants give advice to this year's performers, speculate on who will win",0
301,A Father Surprised His Daughter By Standing Up Without His Wheelchair And Walked Her Down The Aisle,1
302,Wikinews interviews Dr Clive Hamilton about the upcoming by-election in the Higgins electorate of the Australian parliament,0
303,"The Best Husband Ever Surprised His Wife With An Incredibly Detailed ""Harry Potter"" Birthday Party",1
304,Inspectors close Chicago landmark Healthy Food restaurant after finding dead mouse in cooler,0
305,Queen JoJo Just Slayed All Your Faves (Except Adele) With This Powerful Tonight Show Performance,1
306,"Former Canadian Prime Minister Trudeau criticised in new book ""Brian Mulroney: Memoirs 1939-1993""",0
307,Tarja Turunen to perform at Doro Pesch's 25th anniversary concert and record duets with her,0
308,Lostprophets singer Ian Watkins sentenced to 29 years in prison for attempting to rape baby,0
309,Today's Dose Of WTF: Four Topless Women Did Bollywood Dancing At Times Square Wearing Only Body Paint,1
310,Ice hockey: Blackhawks score two goals in 28 seconds to gain 2-0 series lead in the 2010 Stanley Cup Finals,0
311,UNHCR criticises Rwanda's and Burundi's decision to re-label refugees as illegal immigrants,0
312,"Christopher Walken Reading Edgar Allan Poe's ""The Raven"" Will Make Your Literary-Loving Heart Explode",1
313,"Muslims Globally Are Condemning Islamophobia By Tweeting Support For Paris With ""I Am A Muslim""",1
314,"Situation at damaged nuclear power plant remains 'very grave', says Japanese Prime Minister",0
315,People Are Calling Bethenny Frankel A Racist After She Complained About Spanish-Speaking Employees At Kmart,1
316,"John Boyega Completely Lost His Shit When He Watched Himself In The ""Star Wars: The Force Awakens"" Trailer",1
317,Two Huge Whales Just Wanted To Hang With This Dude While He Paddleboarded And It's Surprisingly The Cutest,1
318,"Adele, Jennifer Lawrence, And Emma Stone Have Just Set Friendship Goals To Epic Proportions",1
319,Western Sahara campaigner still blocked from returning home by Moroccan authorities; on twentieth day of hunger strike,0
320,Scientology ties at New Village Leadership Academy stir controversy for Will Smith and Jada Pinkett-Smith,0
321,"500 Storm Troopers Invade Great Wall Of China, Star Wars Hype Crushes All Global Resistance",1
322,"Emilia Clarke And Jason Momoa Had The Cutest ""Game Of Thrones"" Reunion At Paris Fashion Week",1
323,MPAA's Valenti signs Betamax tapes for EFF protesters as Grokster case continues in US Supreme Court,0
324,This Dude Quit His Job To Train Full-Time To Break The World Record For Most Selfies In An Hour,1
325,San Francisco mother of 12-year-old boy who was mauled to death charged with child endangerment,0
326,Illinois high school boys basketball: Benet beats Carmel after losing previous close games,0
327,Summer Is Officially Over Forever When You Find Out That White Sand Beaches Are Made Of Fish Poop,1
328,Japanese nuclear plant operators ordered to compensate affected families amid calls for prime minister to resign,0
329,"Michael J Fox And Christopher Lloyd Crashed ""Jimmy Kimmel Live"" As Marty McFly And Doc Brown",1
330,"This Acrobatic Hoverboard Choreography To Justin Bieber's ""Sorry"" May Be The Best Thing You See",1
331,The Romanian Photographer Who Documents Beauty Around The World Is Currently Killing It In India,1
332,"Residents fear environmental hazard on site of partially collapsed building in Buffalo, New York",0
333,Australian rules football: Traralgon to play Moe in Gippsland Football League clash Saturday,0
334,Four Boeing 737's found with similar fault to China Airlines plane; inspection deadline shortened,0
335,"Australian football: Adelaide United defeat Queensland Roar, through to A-League Grand Final",0
336,21 Times Neil Patrick Harris And David Burtka Gave Us Serious Relationship And Family Goals,1
337,"VI Congress of Mayors and Councilors of the O'Higgins Region takes place in Pichilemu, Chile",0
338,"Here's What ""Back To The Future"" Got Right And Wrong About 2015, According To Neil deGrasse Tyson",1
339,Band manager Daniel Biechele shown parole support by families of victims of the Station nightclub fire,0
340,"Your Children Will Be Taught That Nyle From ""America's Next Top Model"" Is The Hottest Man Ever",1
341,'The Regime' hacks 711chan.org in response to 'Anonymous' attack on Scientology; takes web site off line,0
342,"North Korea says it's preparing to launch space program, denies preparations to test missile",0
343,This Muslim Professor Is Offering To Treat People To A Pork Meal To Stand Up Against Intolerance,1
344,These 4 Idiots Dressed Up As Santa And Harassed Their Office To Discover The True Meaning Of Christmas,1
345,Wikinews interviews Daylight Saving for South East Queensland Party about the upcoming Queensland State election,0
346,"Cambridge, Mass., city council recommends construction firm W. R. Grace remain under DEP supervision for asbestos contamination",0
347,This Rugby Fan's Super-Excited Reaction To Meeting Shane Williams Will Make You Grin Like A Fool,1
348,"Wikinews holds a follow-up interview with Kevin Baugh, president of the Republic of Molossia",0
349,Australian rules football: West Gippsland Latrobe Football League becomes Gippsland Football League as Wonthaggi concedes move,0
350,"Campaign offices for John McCain evacuated in Centennial, Colorado and Manchester, New Hampshire, USA",0
351,A Best-Selling Author Dismissed Postpartum Depression Screening As A Pharmaceutical Conspiracy,1
352,Some Dude Asked Natalie Dormer How She Feels About Looking Like Kermit The Frog's Girlfriend,1
353,"Thousands Of People Are Sharing This ""Humans Of Bombay"" Post About A Child With A Rare Genetic Disorder",1
354,"Cricket: Caloundra lead Glasshouse at stumps on day 2 of 2010 Sunshine Coast, Queensland division one grand final",0
355,At least four dead and hundreds of homes destroyed after week of wildfires rage throughout Texas,0
356,Wikinews interviews Dr. Robert Kelly and Dr. Jim Gill regarding joint scientific venture in North Korea,0
357,"U.S. military confirms Qur'ans were kicked, stepped on and splashed with urine at Guantanamo",0
358,This Duo Is Travelling Across India For A Year To Highlight The Issues Nobody's Talking About,1
359,"After Teaching Himself To Do His Daughter's Hair, A Single Dad Started A Class To Teach Others",1
360,Australian Senate passes resolution opposing death penalty in shadow of Van Nguyen execution,0
361,"2007 World Deaf Swimming Championships Day 3: ""Bad weather"" and ""New Record Day of Belarus""",0
362,"Which ""Harry Potter"" Valentine's Day Card Should You Give To Your Crush Based On Your Zodiac Sign",1
363,Indian Redditors Responded PERFECTLY To A College's Alleged List Of Bizarre Rules For Females,1
364,Pastor Michael Guglielmucci admits his cancer was a hoax; videos being removed from YouTube,0
365,UK Christian group plans to highlight concerns about new law by using it to ban the Qur'an,0
366,"This Woman Owns A T-Shirt With The Entire Script To ""Bee Movie"" On It And People Are Losing Their Minds",1
367,Meet The Alia Bhatt Superfan Who's Going To Hilarious Lengths Just For A Reply From Her On Twitter,1
368,Taiwan’s Blue Camp pays respects on the thirtieth anniversary of the passing of Chiang Kai-shek,0
369,Australian school at center of child-sex allegations pulls newsletter mentioning 'Penthouse' as recommended reading,0
370,Taylor Swift's Cat Olivia Benson  Chewed Up An Award Belonging To The Real Life Olivia Benson,1
371,"Billy On The Street Talks Pizza Rat Being Gay, Donald Trump's Anus-Mouth, And Other Hilarious Hot Topics",1
372,Wikinews interviews Zahra Stardust about the upcoming by-election in the Bradfield electorate of the Australian parliament,0
373,Vogue's December Cover Features Bollywood Divas From Across Generations Looking Glorious AF,1
374,University of Missouri Hospital in lockdown after 'violent individual' attempts to gain access to building,0
375,"We Know Your Favorite Adult ""Harry Potter"" Character Based On Your Favorite Social Media Site",1
376,Jennifer Lawrence's New Movie Is Basically Just A Bunch Of GIFs Of Her In Search Of A Movie,1
377,Award winning singer George Michael cautioned after caught with drugs in London public toilet,0
378,"A Bride Says She's Outraged After She Missed Part Of Her Honeymoon Over A ""Damaged"" Passport",1
379,This 11-Year-Old Girl Started A Project Called #1000BlackGirls To Get More Diverse Books In Schools,1
380,Crisis at stricken Japan nuclear plant escalates to level of Chernobyl; six killed in aftershock,0
381,We Can Predict Your Romantic Future With Just 3 Questions About Your Taste In Bollywood Movies,1
382,"US government reports decline in teen birth rate and binge drinking, rise in poverty and drug abuse",0
383,A Group Of People Tried Journaling Every Day For A Month And It Got A Little Too Introspective,1
384,Moldovan president tells NATO over half a million Moldovans held hostage in separatist Transnistria,0
385,These Two Adorable Guinea Pigs Sharing A Blade Of Grass Might Just Cause Your Heart To Explode,1
386,NGOs in Taiwan to promote carbon-decreasing movements in different sectors before Earth Day,0
387,A Man And A Woman Live Streamed The Same Moments To Show How Differently Women Are Treated Online,1
388,"People Are Angry After A Yoga Teacher Said A School Suspended Her Class Over ""Cultural Issues""",1
389,Bryce Dallas Howard Was Refreshingly Honest While Talking About How She Got Her Globes Dress At A Department Store,1
390,"Students raise record amounts of money during Christmas fundraiser at Benet Academy, Illinois",0
391,"Demi Lovato Revealed That Disney Asked Her To ""Fix"" Her Gap Teeth Before Filming ""Camp Rock""",1
392,Kendall Jenner And Her Supermodel Crew Looked Flawless While Dancing To The Backstreet Boys,1
393,Plans set in motion for the removal of Bob Barr as the Libertarian Party's U.S. presidential nominee,0
394,Halliburton's KBR awarded half billion dollar repair contract for Gulf Coast Navy facilities,0
395,Senior U.S. aviation official resigns after crisis in control towers termed 'unacceptable',0
396,This Heartwarming Photo Captures The Moment An Elderly Couple Helped A Young Man Tie His Tie,1
397,This Group Is Sending Hand Sanitisers To Mark Zuckerberg For Each Victim Of The 2002 Gujarat Riots,1
398,"Two killed, two seriously injured after boulder collapses onto house in Stein an der Traun, Germany",0
399,Community Television consortium urges Australian government to increase funding for channels,0
400,Jimmy Kimmel Introduced The Most Famous Julia Roberts To A Bunch Of Civilians Also Named Julia Roberts,1
401,"Wheaton Academy, Illinois boys basketball team plays Benet Academy, suffers first in-state loss",0
402,A Dad Recorded All The Adorable Questions His Son Asked When Watching Star Wars For The First Time,1
403,Jennifer Lawrence's Real-Life Best Friend Called Her On TV To Find Out If She's Been Replaced By Amy Schumer,1
404,Controversial Boxer Tyson Fury Stripped Of Heavyweight Title Just Two Weeks After Winning It,1
405,"Netanyahu pushed previous prime minister Olmert to attack Iran, according to Wikileaks cables",0
406,"UK soldier shot dead in Afghanistan, number of military personnel killed in country increases to 233",0
407,2012 Report on Gender Equality and Development credits Icelandic parental policy with 'hopeful' changes,0
408,Famous Person Justin Bieber Randomly Ran Into Other Famous Person Adam Sandler On The Street,1
409,"This Guy Covered ""Sorry"" In 20 Different Ways And I've Never Wanted To Hear An Apology More",1
410,"Al-Qaeda's second in command, Ayman al-Zawahiri, calls for 'strikes against Jewish and American interests'",0
411,News agencies suggest that campaign operative for Republican Party edited article on vice presidential nominee,0
412,These Women Claim They've Made An App That Lets You Rate Other People And The Internet Is Furious,1
413,"This Guy Watched All Of ""Breaking Bad"" For Three Days Straight And It's An Emotional Roller Coaster",1
414,Televisión Nacional de Chile acknowledges 'error' for using 'hooded delinquent' videos in news programme,0
415,A Gay Man Wrote This Heartbreaking Letter To His Parents When They Didn't Come To His Wedding,1
416,"Times Of India Called Alan Rickman The Villain Of The ""Harry Potter"" Series In His Obituary",1
417,Republican Congressman Ron Paul endorses Constitution Party nominee Chuck Baldwin for President of the United States,0
418,Cara Delevingne And Annie Clark Together At London Fashion Week Will Literally Make Your Heart Ache With Joy,1
419,Ahmedi of Iran's PDKI discusses Kurdistan's general strike and the democratic future of Iran,0
420,"British government apologises for suggesting the Pope could create a brand of ""Benedict"" condoms",0
421,"Claims from British quake may run into ""low tens of millions of pounds"" - Insurance association reps",0
422,US officials accused of covering up human deaths from BSE and discouraging testing of suspected animals,0
423,Can You Make It Through 27 Hilarious Photos of Michael Scott Saying The Absolute Wrong Thing Without Laughing,1
424,This Guy Proposed To His Girlfriend While On A Roller Coaster And Caught The Whole Thing On Camera,1
425,"Champaign, Illinois mayor doubts Obama's natural-born citizenship; local politicians divided on whether mayor should resign",0
426,People Are Using #BlackDotCampaign To Talk About A Controversial Domestic Violence Campaign,1
427,"Cricket: Caloundra defeat Glasshouse in Sunshine Coast, Queensland division one limited overs final",0
428,NSW Supreme Court upholds non-publication order for lawsuit filed against Australia's richest person,0
429,"A Physicist Tweeted That Gravitational Waves ""May Have Been Discovered"" And People Are Excited",1
430,Copy of handbook for leaders of the Church of Jesus Christ of Latter-day Saints obtained by Wikinews,0
431,"Game Of Thrones Map Magically Materializes On Coffee Shop Bench, White Walker Apocalypse Is Nigh",1
432,"Radical left computer activists capture data of Blood and Honour web forum with 31,948 users",0
433,Northrop Grumman and Airbus parent EADS defeat Boeing for $40 billion US airtanker contract,0
434,"Teen charged with seven felonies related to threats made on Wikipedia, Wikinews interviews administrator who contacted police",0
435,Fiji makes progress on gender roles according to 2012 Report on Gender Equality and Development,0
436,We Surprised A Group Of Jewish Kids By Having Them Meet Santa For The First Time And They Weren't Into It,1
437,These Five Sisters Did A Photo Shoot To Thank Their Parents For Paying For All Of Their Weddings,1
438,Australian rules football: Victorian Football League to be broadcast live around Australia in HD,0
439,Space Shuttle Endeavour enters history books after nineteen years following penultimate landing of program,0
440,"Murdoch empire in crisis after newspaper closes: BSkyB bid halted, former editor arrested, anger at chief executive",0
441,"After Receiving 137 Rejections From Publishers, This Poet Became A Tumblr And Instagram Star",1
442,Al-Qaeda says bin Laden death will 'not be wasted'; Pentagon releases videos of terrorist leader in compound,0
443,Women Scrolled Through Tinder And Were Very Vocal About What They Liked And What They Didn't Like,1
444,"Benedict Cumberbatch Tells Theatre Audience ""Fuck The Politicians"" After ""Hamlet"" Performance",1
445,The New York Times Asked Readers If They Could Kill Baby Hitler And People Are Freaking The Fuck Out,1
446,"Two-time Eurovision entrant Edsilia Rombley discusses music, love, and her contrasting Contest experiences",0
447,This Video Of A Girl Lip Syncing To A 2008 Soulja Boy Song Is My Favorite Thing And I Want It To Be Everyone's Favorite Thing,1
448,Independent Wisconsin legislative candidate to sue over censorship of controversial description,0
449,European Court of Justice rules ISPs not obliged to reveal identity of people suspected of illegal sharing,0
450,A Bride Honored Her Father At Her Wedding With A Dance With Four Of His Fellow Police Officers,1
451,"A 65-Year-Old Man's Typewriter Was Destroyed By An Angry Cop, And The Internet Got Him A New One",1
452,"The ""Friends"" Cast Reunited And Hung Out With The Other Most Iconic TV Show Cast Of All Time",1
453,"Former Pasqua aide claims Iraq intended to reward Charles Pasqua, denies having received oil",0
454,"Seismologist Mario Pardo rebukes notion that Pichilemu, Chile experiencing ""seismic swarm""",0
455,"UEFA Champions League 2007/08: Rangers, Copenhagen, Tampere and Dinamo Zagreb advance to 3rd Qualifying Round",0
456,Wikinews interviews former Salt Lake City mayor and 2012 presidential candidate Rocky Anderson,0
457,France protests treatment of government minister by US authorities; US government admits mistake,0
458,"7 Essays To Read: How Money Affects Love, Muppet Sex, And What's Wrong With That Taylor Swift Video",1
459,Australian rules football: Leongatha upset Traralgon in round six of 2010 Gippsland Football League season,0
460,North Korea Threatens to Withdraw Incentives for South Korean Companies at Joint Industrial Site,0
461,An Amputee Wasn't Allowed To Board Her Flight Until She Stripped And Removed Her Prosthetic Leg,1
462,Two women in North Carolina arrested for allegedly using Family Dollar variety store as marijuana ring,0
463,Kate Winslet Keeps Her Oscar In Her Bathroom So People Can Practice Their Own Acceptance Speeches,1
464,Zendaya Coleman Completely Changed Her Hair For This Shoot And It's Everything You Need In Life,1
465,"Persons from Punta Arenas, Chile on strike after government announcement to increase gas prices",0
466,"Stage collapse at Canadian ""Big Valley Jamboree"" kills one, and seriously injures four others",0
467,Australia women's water polo team into FINA Women's World League Super Finals quarter finals,0
468,That Picture Of  Matthew Perry And Courteney Cox Everyone Is Talking About Is 10 Years Old,1
469,Missouri Circuit Court Judge Werner Moentmann rules that Planned Parenthood must repay money.,0
470,"Australian rules football: Bairnsdale join Gippsland League, will play first game in Warragul",0
471,"11 Celebrities Wearing Iron Maiden T-Shirts, Ranked By How Likely It Is That They've Actually Listened To Iron Maiden",1
472,Here's All You Need To Know About The New Harry Potter Theme Park At Universal Studios Hollywood,1
473,"Visiting students detained in Louisiana, USA, while photographing ExxonMobil chemical plant",0
474,This Bride Treated Herself To McDonald's After Her Groom Went Paintballing At Their Wedding,1
475,This Mom Caught Her Little Girl Turning Her Baby Sister Into A Zebra With A Permanent Marker,1
476,This 19-Year-Old Creates Jaw-Droppingly Realistic 3D Art That Will Make You Do A Double Take,1
477,This Photographer Tied A Model Up In Shark-Infested Waters And It Was More Beautiful Than Scary,1
478,Two unconscious drug-overdosed men discovered outside University of Canberra residence hall,0
479,"People Are Trying To Make Britney Spears A Playable Character In ""Super Smash Bros."" Because Why Not",1
480,John Krasinski Had A Very Awkward Night At The Golden Globes While Sitting At Leonardo DiCaprio's Table,1
481,"23 Times Charlie Kelly Was The Champion Of Our Hearts On ""It's Always Sunny In Philadelphia""",1
482,Wikileaks claims ‘abuse of process’ in court case that resulted in wikileaks.org being taken offline,0
483,I'm About To Start A Rumor That Andi Dorfman And Chris Harrison Are Dating Based Off These Two Photos,1
484,Canadian power worker says grid is 'String of Christmas Lights that’s been Running Since the 1950s',0
485,"Australian rules football: Interview with Andy Thissling, statistician for the Traralgon Football Club senior side",0
486,Thousands Are Sharing These Heartbreaking Stories By Survivors Of The Peshawar School Attacks,1
487,Someone Needs To Invent This App That Plays Nickelback Songs To Stop You From Stalking Your Ex Online,1
488,This Grandma Had The Perfect Response To Finding Out Her Granddaughter Was Engaged To A Woman,1
489,The Grossest Thing On The Internet This Week Involves A Wrestler With Extremely Strong Junk,1
490,"When A Farmer Was Too Sick To Harvest His Crops, The Community Banded Together To Do It For Him",1
491,We Know What Picture Of Billy Ray Cyrus You Want To Get Framed For Your Mantel Based Off This One Question,1
492,How A Gay Porn Star And Rapper Became Vine Famous And Then Liveblogged His Arrest On Facebook,1
493,"President Bush of the United States authorized NSA surveillance of citizens, bypassing court warrants",0
494,Less 'buzz' in bee's brains; Wikinews interviews Dr Sally Williamson about pesticide effect on bees,0
495,"Seth Rogen, Joseph Gordon-Levitt, And Anthony Mackie Play An Epic Game Of ""Never Have I Ever""",1
496,"Ruby Rose And Nina Dobrev Are Slated To Join Deepika Padukone In ""XXX: The Return Of Xander Cage""",1
497,Koizumi has dissolved the Japanese Diet in response to rejection of postal services commercialization bill,0
498,"I Tweeted That Ariana And Frankie Grande Were ""The New Michael And Janet"" And People Freaked The Fuck Out",1
499,A Group Of College Friends Dressed Up As 90s Bridal Party For Halloween And Had A Fake Wedding,1
